Mobile,Route,Community,Stop,Address,Longitude,Latitude,Date,Day,Frequency,Start,End,Timetable
South,Thursday Week 1,Eyres Drive,Alderbury,"Eyres Drive, Alderbury",-1.723543,51.03884,07/02/2019,Thursday,4,10:00,10:20,http://services.wiltshire.gov.uk/MobileLibrary/Library/Round/35
South,Thursday Week 1,School,Alderbury,"School, Alderbury",-1.739558,51.041243,07/02/2019,Thursday,4,13:45,14:20,http://services.wiltshire.gov.uk/MobileLibrary/Library/Round/35
South,Saturday Week 2,Village Hall,Alderbury,"Village Hall, Alderbury",-1.728148,51.039871,16/02/2019,Saturday,4,09:30,11:00,http://services.wiltshire.gov.uk/MobileLibrary/Library/Round/44
South,Saturday Week 4,Village Hall,Alderbury,"Village Hall, Alderbury",-1.728148,51.039871,02/02/2019,Saturday,4,09:30,11:00,http://services.wiltshire.gov.uk/MobileLibrary/Library/Round/58
North,Friday Week 2,Village Hall,All Cannings,"Village Hall, All Cannings",-1.898757,51.355998,15/02/2019,Friday,4,15:00,15:45,http://services.wiltshire.gov.uk/MobileLibrary/Library/Round/13
Residential homes,Wednesday Week 3,Lanfear Close,Amesbury,"Lanfear Close, Amesbury",-1.772172,51.172715,20/02/2019,Wednesday,4,09:30,10:00,http://services.wiltshire.gov.uk/MobileLibrary/Library/Round/104
South,Tuesday Week 2,The Maypole,Ansty,"The Maypole, Ansty",-2.070096,51.030073,12/02/2019,Tuesday,4,14:25,14:45,http://services.wiltshire.gov.uk/MobileLibrary/Library/Round/40
North,Wednesday Week 2,Bus stop,Ashton Common,"Bus stop, Ashton Common",-2.149737,51.322681,13/02/2019,Wednesday,4,15:45,16:10,http://services.wiltshire.gov.uk/MobileLibrary/Library/Round/11
North,Wednesday Week 4,Bus stop,Ashton Common,"Bus stop, Ashton Common",-2.149737,51.322681,30/01/2019,Wednesday,4,15:45,16:10,http://services.wiltshire.gov.uk/MobileLibrary/Library/Round/25
North,Friday Week 1,Village Hall,Ashton Keynes,"Village Hall, Ashton Keynes",-1.93232,51.64521,08/02/2019,Friday,4,14:00,15:45,http://services.wiltshire.gov.uk/MobileLibrary/Library/Round/5
North,Friday Week 3,Village Hall,Ashton Keynes,"Village Hall, Ashton Keynes",-1.93232,51.64521,22/02/2019,Friday,4,14:00,15:45,http://services.wiltshire.gov.uk/MobileLibrary/Library/Round/20
North,Tuesday Week 2,Mead Park,Atworth,"Mead Park, Atworth",-2.193474,51.392875,12/02/2019,Tuesday,4,09:45,10:15,http://services.wiltshire.gov.uk/MobileLibrary/Library/Round/10
Residential homes,Tuesday Week 3,Shell Court,Atworth,"Shell Court, Atworth",-2.19297,51.39234,19/02/2019,Tuesday,4,12:45,13:30,http://services.wiltshire.gov.uk/MobileLibrary/Library/Round/103
North,Tuesday Week 3,Caravan Park,Avebury,"Caravan Park, Avebury",-1.86667,51.41667,19/02/2019,Tuesday,4,14:30,15:00,http://services.wiltshire.gov.uk/MobileLibrary/Library/Round/17
North,Tuesday Week 3,High Street,Avebury,"High Street, Avebury",-1.856848,51.428114,19/02/2019,Tuesday,4,13:55,14:25,http://services.wiltshire.gov.uk/MobileLibrary/Library/Round/17
North,Tuesday Week 3,Bungalows,Avebury Trusloe,"Bungalows, Avebury Trusloe",-1.863298,51.425716,19/02/2019,Tuesday,4,12:15,12:45,http://services.wiltshire.gov.uk/MobileLibrary/Library/Round/17
South,Tuesday Week 4,St Martin’s Close,Barford St Martin,"St Martins Close, Barford St Martin",-1.92517,51.085898,26/02/2019,Tuesday,4,16:15,16:30,http://services.wiltshire.gov.uk/MobileLibrary/Library/Round/54
North,Thursday Week 4,"Ermin Street,",Baydon,"Ermin Street,, Baydon",-1.594057,51.499496,31/01/2019,Thursday,4,10:50,11:40,http://services.wiltshire.gov.uk/MobileLibrary/Library/Round/26
South,Monday Week 1,Limberstone,Beechingstoke,"Limberstone, Beechingstoke",-1.878362,51.331607,04/02/2019,Monday,4,11:30,11:55,http://services.wiltshire.gov.uk/MobileLibrary/Library/Round/32
South,Monday Week 3,Limberstone,Beechingstoke,"Limberstone, Beechingstoke",-1.878362,51.331607,18/02/2019,Monday,4,11:30,11:55,http://services.wiltshire.gov.uk/MobileLibrary/Library/Round/46
South,Thursday Week 3,Talbot Inn,Berwick St John,"Talbot Inn, Berwick St John",-2.076205,51.000255,21/02/2019,Thursday,4,15:05,15:25,http://services.wiltshire.gov.uk/MobileLibrary/Library/Round/49
South,Tuesday Week 1,Busy Bees Nursery,Bishopdown,"Busy Bees Nursery, Bishopdown",-1.772747,51.088833,05/02/2019,Tuesday,4,09:55,10:40,http://services.wiltshire.gov.uk/MobileLibrary/Library/Round/33
South,Saturday Week 2,Pavilion,Bishopdown Farm,"Pavilion, Bishopdown Farm",-1.772747,51.088833,16/02/2019,Saturday,4,15:20,16:15,http://services.wiltshire.gov.uk/MobileLibrary/Library/Round/44
South,Saturday Week 4,Pavilion,Bishopdown Farm,"Pavilion, Bishopdown Farm",-1.772747,51.088833,02/02/2019,Saturday,4,15:20,16:15,http://services.wiltshire.gov.uk/MobileLibrary/Library/Round/58
North,Tuesday Week 3,The Street,Bishops Cannings,"The Street, Bishops Cannings",-1.945733,51.377175,19/02/2019,Tuesday,4,09:30,10:30,http://services.wiltshire.gov.uk/MobileLibrary/Library/Round/17
South,Thursday Week 3,The Styles,Bishopstone,"The Styles, Bishopstone",-1.89941,51.031986,21/02/2019,Thursday,4,11:15,11:35,http://services.wiltshire.gov.uk/MobileLibrary/Library/Round/49
South,Friday Week 1,Telephone Box,Boscombe/Allington,"Telephone Box, Boscombe/Allington",-1.709243,51.148569,08/02/2019,Friday,4,10:45,11:00,http://services.wiltshire.gov.uk/MobileLibrary/Library/Round/36
South,Friday Week 3,Telephone Box,Boscombe/Allington,"Telephone Box, Boscombe/Allington",-1.709243,51.148569,22/02/2019,Friday,4,10:45,11:00,http://services.wiltshire.gov.uk/MobileLibrary/Library/Round/50
South,Thursday Week 3,The Village Hall,Bower Chalke,"The Village Hall, Bower Chalke",-1.974713,51.007133,21/02/2019,Thursday,4,14:20,14:35,http://services.wiltshire.gov.uk/MobileLibrary/Library/Round/49
Residential homes,Tuesday Week 3,Brunel House,Box,"Brunel House, Box",-2.246883,51.417599,19/02/2019,Tuesday,4,14:15,14:40,http://services.wiltshire.gov.uk/MobileLibrary/Library/Round/103
Residential homes,Tuesday Week 3,Bybrook House,Box,"Bybrook House, Box",-2.259535,51.419113,19/02/2019,Tuesday,4,13:45,14:05,http://services.wiltshire.gov.uk/MobileLibrary/Library/Round/103
Residential homes,Friday Week 1,Aldhelm Court,Bradford on Avon,"Aldhelm Court, Bradford on Avon",-2.24057,51.339929,08/02/2019,Friday,4,11:25,11:45,http://services.wiltshire.gov.uk/MobileLibrary/Library/Round/92
Residential homes,Friday Week 1,Cedar Court,Bradford on Avon ,"Cedar Court, Bradford on Avon ",-2.249469,51.353207,08/02/2019,Friday,4,10:55,11:15,http://services.wiltshire.gov.uk/MobileLibrary/Library/Round/92
Residential homes,Friday Week 1,Wiltshire Heights,Bradford on Avon ,"Wiltshire Heights, Bradford on Avon ",-2.251035,51.35227,08/02/2019,Friday,4,10:30,10:50,http://services.wiltshire.gov.uk/MobileLibrary/Library/Round/92
North,Thursday Week 3,The Duke Pub,Bratton,"The Duke Pub, Bratton",-2.123079,51.271096,21/02/2019,Thursday,4,14:45,15:15,http://services.wiltshire.gov.uk/MobileLibrary/Library/Round/19
Residential homes,Tuesday Week 1,White Lodge,Braydon,"White Lodge, Braydon",-1.59701,51.50043,05/02/2019,Tuesday,4,11:45,12:15,http://services.wiltshire.gov.uk/MobileLibrary/Library/Round/89
North,Friday Week 3,Little Foxes,Brinkworth,"Little Foxes, Brinkworth",-1.954448,51.563807,22/02/2019,Friday,4,10:40,11:10,http://services.wiltshire.gov.uk/MobileLibrary/Library/Round/20
North,Friday Week 3,Village Hall,Brinkworth,"Village Hall, Brinkworth",-1.980243,51.55877,22/02/2019,Friday,4,11:15,11:45,http://services.wiltshire.gov.uk/MobileLibrary/Library/Round/20
South,Thursday Week 3,Shelter Barn,Britford,"Shelter Barn, Britford",-1.790957,51.04232,21/02/2019,Thursday,4,10:00,10:20,http://services.wiltshire.gov.uk/MobileLibrary/Library/Round/49
South,Thursday Week 3,Church Car Park,Broad Chalke,"Church Car Park, Broad Chalke",-1.94847,51.02724,21/02/2019,Thursday,4,11:50,12:10,http://services.wiltshire.gov.uk/MobileLibrary/Library/Round/49
South,Thursday Week 3,School,Broad Chalke,"School, Broad Chalke",-1.936107,51.027647,21/02/2019,Thursday,4,13:30,14:00,http://services.wiltshire.gov.uk/MobileLibrary/Library/Round/49
North,Tuesday Week 3,Village Hall,Broad Hinton,"Village Hall, Broad Hinton",-1.84786,51.4887,19/02/2019,Tuesday,4,15:15,16:00,http://services.wiltshire.gov.uk/MobileLibrary/Library/Round/17
Residential homes,Monday Week 3,Angell House,Bromham,"Angell House, Bromham",,,18/02/2019,Monday,4,09:00,09:50,http://services.wiltshire.gov.uk/MobileLibrary/Library/Round/102
North,Saturday Week 2,Highfield Road,Bromham,"Highfield Road, Bromham",,,16/02/2019,Saturday,4,14:50,15:20,http://services.wiltshire.gov.uk/MobileLibrary/Library/Round/14
North,Saturday Week 2,The Greyhound,Bromham,"The Greyhound, Bromham",,,16/02/2019,Saturday,4,14:10,14:40,http://services.wiltshire.gov.uk/MobileLibrary/Library/Round/14
North,Saturday Week 2,Westbrook,Bromham,"Westbrook, Bromham",,,16/02/2019,Saturday,4,13:30,14:00,http://services.wiltshire.gov.uk/MobileLibrary/Library/Round/14
North,Tuesday Week 2,The Rusty Stag Pub,Broughton Gifford,"The Rusty Stag Pub, Broughton Gifford",-2.17496,51.372029,12/02/2019,Tuesday,4,10:30,11:00,http://services.wiltshire.gov.uk/MobileLibrary/Library/Round/10
North,Monday Week 1,The Well,Bulkington,"The Well, Bulkington",-2.074602,51.324525,04/02/2019,Monday,4,11:05,11:30,http://services.wiltshire.gov.uk/MobileLibrary/Library/Round/1
South,Wednesday Week 2,Taskers Lane lay-by,Burbage,"Taskers Lane lay-by, Burbage",-1.67087,51.35184,13/02/2019,Wednesday,4,11:10,11:25,http://services.wiltshire.gov.uk/MobileLibrary/Library/Round/41
South,Wednesday Week 2,The Sprays,Burbage,"The Sprays, Burbage",-1.669705,51.348325,13/02/2019,Wednesday,4,10:45,11:05,http://services.wiltshire.gov.uk/MobileLibrary/Library/Round/41
South,Wednesday Week 2,Village Hall,Burbage,"Village Hall, Burbage",-1.665934,51.349081,13/02/2019,Wednesday,4,10:10,10:40,http://services.wiltshire.gov.uk/MobileLibrary/Library/Round/41
North,Friday Week 2,Green near garage,Cadley,"Green near garage, Cadley",-1.730088,51.426358,15/02/2019,Friday,4,14:05,14:25,http://services.wiltshire.gov.uk/MobileLibrary/Library/Round/13
Residential homes,Thursday Week 4,James House,Calne,"James House, Calne",-1.992941,51.429986,31/01/2019,Thursday,4,10:30,10:50,http://services.wiltshire.gov.uk/MobileLibrary/Library/Round/112
Residential homes,Thursday Week 4,Marden Court,Calne,"Marden Court, Calne",-2.005431,51.438567,31/01/2019,Thursday,4,10:10,10:25,http://services.wiltshire.gov.uk/MobileLibrary/Library/Round/112
Residential homes,Thursday Week 4,The Wharf,Calne,"The Wharf, Calne",-2.005035,51.437216,31/01/2019,Thursday,4,09:45,10:05,http://services.wiltshire.gov.uk/MobileLibrary/Library/Round/112
North,Wednesday Week 1,By Market Cross,Castle Combe,"By Market Cross, Castle Combe",-2.224645,51.49966,06/02/2019,Wednesday,4,15:15,15:45,http://services.wiltshire.gov.uk/MobileLibrary/Library/Round/3
North,Wednesday Week 3,By Market Cross,Castle Combe,"By Market Cross, Castle Combe",-2.224645,51.49966,20/02/2019,Wednesday,4,15:15,15:45,http://services.wiltshire.gov.uk/MobileLibrary/Library/Round/18
North,Wednesday Week 2,School,Chapmanslade,"School, Chapmanslade",-2.264814,51.189349,13/02/2019,Wednesday,4,13:45,14:30,http://services.wiltshire.gov.uk/MobileLibrary/Library/Round/11
North,Wednesday Week 4,School,Chapmanslade,"School, Chapmanslade",-2.264814,51.189349,30/01/2019,Wednesday,4,13:45,14:30,http://services.wiltshire.gov.uk/MobileLibrary/Library/Round/25
North,Monday Week 3,Church,Cherhill,"Church, Cherhill",-1.946107,51.431549,18/02/2019,Monday,4,12:15,12:35,http://services.wiltshire.gov.uk/MobileLibrary/Library/Round/16
North,Monday Week 3,Olivers Hill,Cherhill,"Olivers Hill, Cherhill",-1.955976,51.429285,18/02/2019,Monday,4,12:40,13:00,http://services.wiltshire.gov.uk/MobileLibrary/Library/Round/16
South,Tuesday Week 4,Hops Close,Chilmark,"Hops Close, Chilmark",-2.04661,51.0932,26/02/2019,Tuesday,4,14:55,15:20,http://services.wiltshire.gov.uk/MobileLibrary/Library/Round/54
North,Thursday Week 4,Stagg Hill,Chilton Foliat,"Stagg Hill, Chilton Foliat",-1.538899,51.432787,31/01/2019,Thursday,4,13:00,13:45,http://services.wiltshire.gov.uk/MobileLibrary/Library/Round/26
Residential homes,Monday Week 3,Avon Court,Chippenham,"Avon Court, Chippenham",-2.117486,51.463526,18/02/2019,Monday,4,13:25,13:45,http://services.wiltshire.gov.uk/MobileLibrary/Library/Round/102
Residential homes,Monday Week 3,Cepen Lodge,Chippenham,"Cepen Lodge, Chippenham",-2.122516,51.462603,18/02/2019,Monday,4,11:10,11:20,http://services.wiltshire.gov.uk/MobileLibrary/Library/Round/102
Residential homes,Tuesday Week 4,Clift House,Chippenham,"Clift House, Chippenham",-2.113143,51.467466,26/02/2019,Tuesday,4,11:15,11:45,http://services.wiltshire.gov.uk/MobileLibrary/Library/Round/110
Residential homes,Tuesday Week 4,Croft Court,Chippenham,"Croft Court, Chippenham",,,26/02/2019,Tuesday,4,10:30,11:00,http://services.wiltshire.gov.uk/MobileLibrary/Library/Round/110
Residential homes,Monday Week 3,Fairways,Chippenham,"Fairways, Chippenham",,,18/02/2019,Monday,4,11:20,12:00,http://services.wiltshire.gov.uk/MobileLibrary/Library/Round/102
Residential homes,Monday Week 3,Ivyfield Court,Chippenham,"Ivyfield Court, Chippenham",-2.121375,51.456715,18/02/2019,Monday,4,13:00,13:15,http://services.wiltshire.gov.uk/MobileLibrary/Library/Round/102
Residential homes,Tuesday Week 4,St. Clements,Chippenham,"St. Clements, Chippenham",,,26/02/2019,Tuesday,4,09:45,10:20,http://services.wiltshire.gov.uk/MobileLibrary/Library/Round/110
Residential homes,Tuesday Week 4,The Priory,Chippenham,"The Priory, Chippenham",,,26/02/2019,Tuesday,4,12:45,13:20,http://services.wiltshire.gov.uk/MobileLibrary/Library/Round/110
South,Monday Week 1,The Street,Chirton,"The Street, Chirton",-1.895571,51.316241,04/02/2019,Monday,4,13:15,14:00,http://services.wiltshire.gov.uk/MobileLibrary/Library/Round/32
South,Monday Week 3,The Street,Chirton,"The Street, Chirton",-1.895571,51.316241,18/02/2019,Monday,4,13:15,14:00,http://services.wiltshire.gov.uk/MobileLibrary/Library/Round/46
South,Friday Week 4,Car Park near the Church,Chitterne,"Car Park near the Church, Chitterne",-2.00796,51.19954,01/02/2019,Friday,4,11:25,11:45,http://services.wiltshire.gov.uk/MobileLibrary/Library/Round/57
North,Thursday Week 1,Village Hall,Christian Malford,"Village Hall, Christian Malford",-2.033813,51.517442,07/02/2019,Thursday,4,14:15,14:45,http://services.wiltshire.gov.uk/MobileLibrary/Library/Round/4
South,Friday Week 2,Pond,Chute Cadley,"Pond, Chute Cadley",,,15/02/2019,Friday,4,10:35,10:55,http://services.wiltshire.gov.uk/MobileLibrary/Library/Round/43
South,Friday Week 2,Bus Shelter,Chute Forest,"Bus Shelter, Chute Forest",-1.554265,51.262965,15/02/2019,Friday,4,10:00,10:25,http://services.wiltshire.gov.uk/MobileLibrary/Library/Round/43
South,Friday Week 4,Cherry Orchard,Codford,"Cherry Orchard, Codford",-2.046453,51.158497,01/02/2019,Friday,4,13:50,14:10,http://services.wiltshire.gov.uk/MobileLibrary/Library/Round/57
North,Wednesday Week 1,Fosseway Close,Colerne,"Fosseway Close, Colerne",-2.265268,51.43914,06/02/2019,Wednesday,4,09:45,10:05,http://services.wiltshire.gov.uk/MobileLibrary/Library/Round/3
North,Wednesday Week 1,Near School,Colerne,"Near School, Colerne",-2.260259,51.441631,06/02/2019,Wednesday,4,10:15,12:45,http://services.wiltshire.gov.uk/MobileLibrary/Library/Round/3
North,Wednesday Week 3,Near School,Colerne,"Near School, Colerne",-2.260259,51.441631,20/02/2019,Wednesday,4,10:15,12:45,http://services.wiltshire.gov.uk/MobileLibrary/Library/Round/18
South,Friday Week 2,West Farm,Collingbourne Ducis,"West Farm, Collingbourne Ducis",-1.650713,51.285637,15/02/2019,Friday,4,11:20,11:45,http://services.wiltshire.gov.uk/MobileLibrary/Library/Round/43
South,Friday Week 2,Aughton,Collingbourne Kingston,"Aughton, Collingbourne Kingston",-1.665178,51.304912,15/02/2019,Friday,4,11:55,12:20,http://services.wiltshire.gov.uk/MobileLibrary/Library/Round/43
North,Monday Week 3,Briar Leaze,Compton Bassett,"Briar Leaze, Compton Bassett",-1.947446,51.4498,18/02/2019,Monday,4,11:00,11:20,http://services.wiltshire.gov.uk/MobileLibrary/Library/Round/16
Residential homes,Tuesday Week 3,Claremont and Warrington Lodge,Corsham,"Claremont and Warrington Lodge, Corsham",-2.212804,51.440332,19/02/2019,Tuesday,4,10:50,11:40,http://services.wiltshire.gov.uk/MobileLibrary/Library/Round/103
Residential homes,Tuesday Week 3,Holton House,Corsham,"Holton House, Corsham",-2.2092,51.43412,19/02/2019,Tuesday,4,09:45,10:00,http://services.wiltshire.gov.uk/MobileLibrary/Library/Round/103
Residential homes,Tuesday Week 3,Jargeau Court,Corsham,"Jargeau Court, Corsham",-2.197045,51.433457,19/02/2019,Tuesday,4,10:05,10:30,http://services.wiltshire.gov.uk/MobileLibrary/Library/Round/103
Residential homes,Tuesday Week 1,Heberden House,Cricklade,"Heberden House, Cricklade",-1.856405,51.641381,05/02/2019,Tuesday,4,11:05,11:30,http://services.wiltshire.gov.uk/MobileLibrary/Library/Round/89
North,Friday Week 1,The Dawneys,Crudwell,"The Dawneys, Crudwell",-2.071552,51.63299,08/02/2019,Friday,4,11:10,11:45,http://services.wiltshire.gov.uk/MobileLibrary/Library/Round/5
North,Friday Week 3,School,Dauntsey,"School, Dauntsey",-1.982671,51.554218,22/02/2019,Friday,4,10:00,10:20,http://services.wiltshire.gov.uk/MobileLibrary/Library/Round/20
Residential homes,Monday Week 3,Kingston House,Derry Hill,"Kingston House, Derry Hill",-2.092233,51.431002,18/02/2019,Monday,4,10:15,10:45,http://services.wiltshire.gov.uk/MobileLibrary/Library/Round/102
North,Tuesday Week 2,Lansdowne Hall,Derry Hill,"Lansdowne Hall, Derry Hill",-2.056505,51.437598,12/02/2019,Tuesday,4,14:20,15:45,http://services.wiltshire.gov.uk/MobileLibrary/Library/Round/10
North,Tuesday Week 4,Lansdowne Hall,Derry Hill,"Lansdowne Hall, Derry Hill",-2.056505,51.437598,26/02/2019,Tuesday,4,14:30,15:45,http://services.wiltshire.gov.uk/MobileLibrary/Library/Round/24
Residential homes,Thursday Week 4,Crammer Court,Devizes,"Crammer Court, Devizes",,,31/01/2019,Thursday,4,11:15,11:45,http://services.wiltshire.gov.uk/MobileLibrary/Library/Round/112
Residential homes,Monday Week 1,Haywood Care,Devizes,"Haywood Care, Devizes",,,04/02/2019,Monday,4,11:40,12:00,http://services.wiltshire.gov.uk/MobileLibrary/Library/Round/88
Residential homes,Monday Week 1,Needham House ,Devizes,"Needham House , Devizes",-1.991538,51.36313,04/02/2019,Monday,4,12:15,12:45,http://services.wiltshire.gov.uk/MobileLibrary/Library/Round/88
Residential homes,Thursday Week 4,The Croft,Devizes,"The Croft, Devizes",-1.989913,51.34685,31/01/2019,Thursday,4,11:50,12:20,http://services.wiltshire.gov.uk/MobileLibrary/Library/Round/112
North,Wednesday Week 4,Lyes Grove,Dilton Marsh,"Lyes Grove, Dilton Marsh",-2.215397,51.246832,30/01/2019,Wednesday,4,15:00,15:30,http://services.wiltshire.gov.uk/MobileLibrary/Library/Round/25
South,Tuesday Week 4,Pre-school,Dinton,"Pre-school, Dinton",-1.981143,51.081959,26/02/2019,Tuesday,4,13:40,14:10,http://services.wiltshire.gov.uk/MobileLibrary/Library/Round/54
South,Tuesday Week 2,School,Dinton,"School, Dinton",-1.984681,51.081638,12/02/2019,Tuesday,4,13:00,13:35,http://services.wiltshire.gov.uk/MobileLibrary/Library/Round/40
South,Tuesday Week 4,School,Dinton,"School, Dinton",-1.984681,51.081638,26/02/2019,Tuesday,4,13:00,13:35,http://services.wiltshire.gov.uk/MobileLibrary/Library/Round/54
South,Tuesday Week 4,Shop,Dinton,"Shop, Dinton",-1.981143,51.081959,26/02/2019,Tuesday,4,15:35,16:00,http://services.wiltshire.gov.uk/MobileLibrary/Library/Round/54
South,Friday Week 1,Bus Turning Area,East Gomeldon,"Bus Turning Area, East Gomeldon",-1.727119,51.118874,08/02/2019,Friday,4,14:45,15:50,http://services.wiltshire.gov.uk/MobileLibrary/Library/Round/36
South,Friday Week 3,Bus Turning Area,East Gomeldon,"Bus Turning Area, East Gomeldon",-1.727119,51.118874,22/02/2019,Friday,4,14:45,15:50,http://services.wiltshire.gov.uk/MobileLibrary/Library/Round/50
South,Wednesday Week 2,Coronation Hall,East Grafton,"Coronation Hall, East Grafton",-1.544717,51.237932,13/02/2019,Wednesday,4,11:40,12:00,http://services.wiltshire.gov.uk/MobileLibrary/Library/Round/41
South,Tuesday Week 3,The Pond,East Grimstead,"The Pond, East Grimstead",-1.67853,51.05055,19/02/2019,Tuesday,4,11:55,12:15,http://services.wiltshire.gov.uk/MobileLibrary/Library/Round/47
South,Saturday Week 1,Burford Road,East Harnham,"Burford Road, East Harnham",-1.805545,51.057752,09/02/2019,Saturday,4,13:30,14:00,http://services.wiltshire.gov.uk/MobileLibrary/Library/Round/37
South,Tuesday Week 2,Seymour Arms Pub,East Knoyle,"Seymour Arms Pub, East Knoyle",-2.17052,51.07442,12/02/2019,Tuesday,4,11:00,11:30,http://services.wiltshire.gov.uk/MobileLibrary/Library/Round/40
South,Tuesday Week 4,Seymour Arms Pub,East Knoyle,"Seymour Arms Pub, East Knoyle",-2.17052,51.07442,26/02/2019,Tuesday,4,11:10,11:40,http://services.wiltshire.gov.uk/MobileLibrary/Library/Round/54
North,Wednesday Week 2,Post box,Edington,"Post box, Edington",,,13/02/2019,Wednesday,4,15:00,15:30,http://services.wiltshire.gov.uk/MobileLibrary/Library/Round/11
South,Friday Week 2,Water Lane,Enford,"Water Lane, Enford",-1.778471,51.265124,15/02/2019,Friday,4,15:45,16:10,http://services.wiltshire.gov.uk/MobileLibrary/Library/Round/43
South,Wednesday Week 2,High Trees,Everleigh,"High Trees, Everleigh",-1.70947,51.28145,13/02/2019,Wednesday,4,12:25,12:55,http://services.wiltshire.gov.uk/MobileLibrary/Library/Round/41
South,Tuesday Week 3,Church,Farley,"Church, Farley",-1.698362,51.082968,19/02/2019,Tuesday,4,11:10,11:40,http://services.wiltshire.gov.uk/MobileLibrary/Library/Round/47
South,Friday Week 2,Oak Lane,Figheldean,"Oak Lane, Figheldean",-1.781296,51.223053,15/02/2019,Friday,4,14:55,15:25,http://services.wiltshire.gov.uk/MobileLibrary/Library/Round/43
South,Tuesday Week 1,Great Croft,Firsdown,"Great Croft, Firsdown",-1.699712,51.097952,05/02/2019,Tuesday,4,11:35,11:50,http://services.wiltshire.gov.uk/MobileLibrary/Library/Round/33
South,Tuesday Week 1,Top Post Box,Firsdown,"Top Post Box, Firsdown",-1.704597,51.102444,05/02/2019,Tuesday,4,11:55,12:10,http://services.wiltshire.gov.uk/MobileLibrary/Library/Round/33
South,Tuesday Week 1,Green Lane,Ford,"Green Lane, Ford",-2.228765,51.472926,05/02/2019,Tuesday,4,10:55,11:20,http://services.wiltshire.gov.uk/MobileLibrary/Library/Round/33
South,Tuesday Week 2,Clays Orchard,Fovant,"Clays Orchard, Fovant",-2.007302,51.062348,12/02/2019,Tuesday,4,13:55,14:10,http://services.wiltshire.gov.uk/MobileLibrary/Library/Round/40
South,Saturday Week 1,Ramleaze Drive,Fugglestone Red,"Ramleaze Drive, Fugglestone Red",-1.851834,51.081843,09/02/2019,Saturday,4,15:10,15:25,http://services.wiltshire.gov.uk/MobileLibrary/Library/Round/37
North,Friday Week 2,Church Street,Great Bedwyn,"Church Street, Great Bedwyn",-1.601404,51.379161,15/02/2019,Friday,4,13:20,13:40,http://services.wiltshire.gov.uk/MobileLibrary/Library/Round/13
North,Friday Week 2,Village Hall,Great Bedwyn,"Village Hall, Great Bedwyn",-1.60151,51.3795,15/02/2019,Friday,4,11:00,12:15,http://services.wiltshire.gov.uk/MobileLibrary/Library/Round/13
North,Friday Week 4,Village Hall,Great Bedwyn,"Village Hall, Great Bedwyn",-1.60151,51.3795,01/02/2019,Friday,4,11:10,12:15,http://services.wiltshire.gov.uk/MobileLibrary/Library/Round/27
North,Friday Week 2,Wansdyke Road,Great Bedwyn,"Wansdyke Road, Great Bedwyn",-1.597661,51.383427,15/02/2019,Friday,4,10:35,10:55,http://services.wiltshire.gov.uk/MobileLibrary/Library/Round/13
South,Wednesday Week 4,The Old School,Great Cheverell,"The Old School, Great Cheverell",-2.000713,51.28189,30/01/2019,Wednesday,4,13:15,13:35,http://services.wiltshire.gov.uk/MobileLibrary/Library/Round/55
North,Thursday Week 1,School,Great Somerford,"School, Great Somerford",-2.050742,51.543557,07/02/2019,Thursday,4,13:15,14:00,http://services.wiltshire.gov.uk/MobileLibrary/Library/Round/4
South,Wednesday Week 4,Farmyard opposite the Church,Great Wishford,"Farmyard opposite the Church, Great Wishford",-1.890406,51.118707,30/01/2019,Wednesday,4,09:50,10:20,http://services.wiltshire.gov.uk/MobileLibrary/Library/Round/55
South,Friday Week 4,Post Box,Hanging Langford,"Post Box, Hanging Langford",-1.95553,51.13297,01/02/2019,Friday,4,15:40,16:00,http://services.wiltshire.gov.uk/MobileLibrary/Library/Round/57
North,Monday Week 3,Amenities car park,Heddington,"Amenities car park, Heddington",-1.710528,51.630671,18/02/2019,Monday,4,14:55,15:45,http://services.wiltshire.gov.uk/MobileLibrary/Library/Round/16
South,Friday Week 4,St John’s,Heytesbury,"St Johns, Heytesbury",-2.10682,51.1824,01/02/2019,Friday,4,10:40,11:05,http://services.wiltshire.gov.uk/MobileLibrary/Library/Round/57
North,Monday Week 3,School Community Hall car park,Hilmarton,"School Community Hall car park, Hilmarton",-1.970958,51.476484,18/02/2019,Monday,4,10:15,10:45,http://services.wiltshire.gov.uk/MobileLibrary/Library/Round/16
South,Thursday Week 2,Bank House High Street,Hindon,"Bank House High Street, Hindon",-2.128015,51.094233,14/02/2019,Thursday,4,14:05,16:00,http://services.wiltshire.gov.uk/MobileLibrary/Library/Round/42
South,Thursday Week 4,Bank House High Street,Hindon,"Bank House High Street, Hindon",-2.128015,51.094233,31/01/2019,Thursday,4,14:05,16:00,http://services.wiltshire.gov.uk/MobileLibrary/Library/Round/56
South,Thursday Week 2,School,Hindon,"School, Hindon",-2.125772,51.094544,14/02/2019,Thursday,4,13:30,14:00,http://services.wiltshire.gov.uk/MobileLibrary/Library/Round/42
South,Thursday Week 4,School,Hindon,"School, Hindon",-2.125772,51.094544,31/01/2019,Thursday,4,13:30,14:00,http://services.wiltshire.gov.uk/MobileLibrary/Library/Round/56
Residential homes,Tuesday Week 4,Firlawn,Holt,"Firlawn, Holt",-2.19722,51.35556,26/02/2019,Tuesday,4,13:40,14:10,http://services.wiltshire.gov.uk/MobileLibrary/Library/Round/110
North,Saturday Week 4,Little Parks,Holt,"Little Parks, Holt",-2.191307,51.358412,02/02/2019,Saturday,4,15:15,15:45,http://services.wiltshire.gov.uk/MobileLibrary/Library/Round/28
North,Wednesday Week 2,The Elms,Holt,"The Elms, Holt",-2.200001,51.357105,13/02/2019,Wednesday,4,09:30,10:15,http://services.wiltshire.gov.uk/MobileLibrary/Library/Round/11
North,Wednesday Week 4,The Elms,Holt,"The Elms, Holt",-2.200001,51.357105,30/01/2019,Wednesday,4,09:30,10:15,http://services.wiltshire.gov.uk/MobileLibrary/Library/Round/25
South,Thursday Week 3,The Manor,Homington,"The Manor, Homington",-1.801913,51.573699,21/02/2019,Thursday,4,10:40,10:55,http://services.wiltshire.gov.uk/MobileLibrary/Library/Round/49
North,Tuesday Week 1,Drury Close,Hook,"Drury Close, Hook",-1.888837,51.560631,05/02/2019,Tuesday,4,10:40,11:00,http://services.wiltshire.gov.uk/MobileLibrary/Library/Round/2
North,Tuesday Week 1,Lydiard Residential Park,Hook,"Lydiard Residential Park, Hook",-1.874815,51.562907,05/02/2019,Tuesday,4,11:10,11:30,http://services.wiltshire.gov.uk/MobileLibrary/Library/Round/2
South,Tuesday Week 2,Village hall,Horningsham,"Village hall, Horningsham",-2.27071,51.16955,12/02/2019,Tuesday,4,10:00,10:25,http://services.wiltshire.gov.uk/MobileLibrary/Library/Round/40
South,Tuesday Week 4,Village hall,Horningsham,"Village hall, Horningsham",-2.27071,51.16955,26/02/2019,Tuesday,4,10:00,10:25,http://services.wiltshire.gov.uk/MobileLibrary/Library/Round/54
North,Thursday Week 1,By School,Hullavington,"By School, Hullavington",-2.14944,51.540717,07/02/2019,Thursday,4,10:15,11:00,http://services.wiltshire.gov.uk/MobileLibrary/Library/Round/4
North,Thursday Week 1,Near garage/bus stop,Hullavington,"Near garage/bus stop, Hullavington",-2.15163,51.53778,07/02/2019,Thursday,4,11:05,11:30,http://services.wiltshire.gov.uk/MobileLibrary/Library/Round/4
North,Monday Week 1,Stocks Green,Keevil,"Stocks Green, Keevil",-2.115979,51.324211,04/02/2019,Monday,4,10:35,10:55,http://services.wiltshire.gov.uk/MobileLibrary/Library/Round/1
South,Thursday Week 2,Home Guard Car Park,Kilmington,"Home Guard Car Park, Kilmington",-2.317673,51.134411,14/02/2019,Thursday,4,11:20,11:35,http://services.wiltshire.gov.uk/MobileLibrary/Library/Round/42
South,Thursday Week 4,Home Guard Car Park,Kilmington,"Home Guard Car Park, Kilmington",-2.317673,51.134411,31/01/2019,Thursday,4,11:25,11:35,http://services.wiltshire.gov.uk/MobileLibrary/Library/Round/56
North,Saturday Week 2,Village Hall,Kington Langley,"Village Hall, Kington Langley",-2.108534,51.491216,16/02/2019,Saturday,4,09:20,10:00,http://services.wiltshire.gov.uk/MobileLibrary/Library/Round/14
North,Saturday Week 4,Village Hall,Kington Langley,"Village Hall, Kington Langley",-2.108534,51.491216,02/02/2019,Saturday,4,09:20,10:00,http://services.wiltshire.gov.uk/MobileLibrary/Library/Round/28
North,Thursday Week 1,Lodge Farm Nursery,Kington St Michael,"Lodge Farm Nursery, Kington St Michael",-2.178906,51.495968,07/02/2019,Thursday,4,09:30,10:00,http://services.wiltshire.gov.uk/MobileLibrary/Library/Round/4
North,Tuesday Week 4,Post Office,Kington St Michael,"Post Office, Kington St Michael",-2.14028,51.49611,26/02/2019,Tuesday,4,10:10,10:30,http://services.wiltshire.gov.uk/MobileLibrary/Library/Round/24
North,Tuesday Week 4,School,Kington St Michael,"School, Kington St Michael",-2.142997,51.496409,26/02/2019,Tuesday,4,09:15,10:00,http://services.wiltshire.gov.uk/MobileLibrary/Library/Round/24
North,Tuesday Week 2,High Street,Lacock,"High Street, Lacock",-2.121552,51.414831,12/02/2019,Tuesday,4,13:15,13:55,http://services.wiltshire.gov.uk/MobileLibrary/Library/Round/10
South,Saturday Week 2,Beech Grange,Landford,"Beech Grange, Landford",-1.633529,50.969675,16/02/2019,Saturday,4,11:20,11:50,http://services.wiltshire.gov.uk/MobileLibrary/Library/Round/44
South,Saturday Week 4,Beech Grange,Landford,"Beech Grange, Landford",-1.633529,50.969675,02/02/2019,Saturday,4,11:20,11:50,http://services.wiltshire.gov.uk/MobileLibrary/Library/Round/58
South,Wednesday Week 2,Car Park,Larkhill,"Car Park, Larkhill",,,13/02/2019,Wednesday,4,14:35,15:35,http://services.wiltshire.gov.uk/MobileLibrary/Library/Round/41
South,Wednesday Week 4,Car Park,Larkhill,"Car Park, Larkhill",,,30/01/2019,Wednesday,4,14:35,15:35,http://services.wiltshire.gov.uk/MobileLibrary/Library/Round/55
South,Saturday Week 2,Elm Close,Laverstock,"Elm Close, Laverstock",-1.772942,51.08116,16/02/2019,Saturday,4,14:45,15:05,http://services.wiltshire.gov.uk/MobileLibrary/Library/Round/44
South,Saturday Week 4,Elm Close,Laverstock,"Elm Close, Laverstock",-1.772942,51.08116,02/02/2019,Saturday,4,14:45,15:05,http://services.wiltshire.gov.uk/MobileLibrary/Library/Round/58
South,Saturday Week 2,Napier Crescent,Laverstock,"Napier Crescent, Laverstock",-1.776148,51.072424,16/02/2019,Saturday,4,14:10,14:35,http://services.wiltshire.gov.uk/MobileLibrary/Library/Round/44
South,Saturday Week 4,Napier Crescent,Laverstock,"Napier Crescent, Laverstock",-1.776148,51.072424,02/02/2019,Saturday,4,14:10,14:35,http://services.wiltshire.gov.uk/MobileLibrary/Library/Round/58
North,Friday Week 1,Near School,Lea,"Near School, Lea",-2.057809,51.581666,08/02/2019,Friday,4,10:20,10:50,http://services.wiltshire.gov.uk/MobileLibrary/Library/Round/5
North,Thursday Week 3,Uplands,Limpley Stoke,"Uplands, Limpley Stoke",-2.315111,51.347622,21/02/2019,Thursday,4,10:00,10:25,http://services.wiltshire.gov.uk/MobileLibrary/Library/Round/19
North,Saturday Week 1,Near old School,Littleton Drew,"Near old School, Littleton Drew",-2.245824,51.521621,09/02/2019,Saturday,4,09:30,10:10,http://services.wiltshire.gov.uk/MobileLibrary/Library/Round/6
North,Saturday Week 3,Near old School,Littleton Drew,"Near old School, Littleton Drew",-2.245824,51.521621,23/02/2019,Saturday,4,09:30,10:10,http://services.wiltshire.gov.uk/MobileLibrary/Library/Round/21
South,Wednesday Week 4,Lay-by in High Street,Littleton Pannell,"Lay-by in High Street, Littleton Pannell",-1.594311,51.232324,30/01/2019,Wednesday,4,13:45,14:00,http://services.wiltshire.gov.uk/MobileLibrary/Library/Round/55
North,Tuesday Week 3,Who’d a Thought It,Lockeridge,"Whod a Thought It, Lockeridge",-1.789013,51.409894,19/02/2019,Tuesday,4,10:45,11:15,http://services.wiltshire.gov.uk/MobileLibrary/Library/Round/17
South,Saturday Week 3,St Mary’s Close,Lover,"St Marys Close, Lover",-1.872704,51.072746,23/02/2019,Saturday,4,14:25,15:00,http://services.wiltshire.gov.uk/MobileLibrary/Library/Round/51
North,Thursday Week 1,Near Green,Lower Stanton,"Near Green, Lower Stanton",-2.13478,51.532134,07/02/2019,Thursday,4,11:45,12:05,http://services.wiltshire.gov.uk/MobileLibrary/Library/Round/4
South,Wednesday Week 1,The Wheatsheaf,Lower Woodford,"The Wheatsheaf, Lower Woodford",-1.822497,51.114618,06/02/2019,Wednesday,4,11:40,12:00,http://services.wiltshire.gov.uk/MobileLibrary/Library/Round/34
South,Wednesday Week 3,The Wheatsheaf,Lower Woodford,"The Wheatsheaf, Lower Woodford",-1.822497,51.114618,20/02/2019,Wednesday,4,11:40,12:00,http://services.wiltshire.gov.uk/MobileLibrary/Library/Round/48
North,Tuesday Week 4,Playing Fields,Luckington,"Playing Fields, Luckington",-2.24222,51.55444,26/02/2019,Tuesday,4,11:45,12:15,http://services.wiltshire.gov.uk/MobileLibrary/Library/Round/24
South,Thursday Week 3,Coronation Close Bungalows,Ludwell,"Coronation Close Bungalows, Ludwell",-2.059065,51.505181,21/02/2019,Thursday,4,15:40,16:05,http://services.wiltshire.gov.uk/MobileLibrary/Library/Round/49
North,Thursday Week 2,Clock Inn Park,Lydeway,"Clock Inn Park, Lydeway",-1.607316,50.972871,14/02/2019,Thursday,4,12:15,12:45,http://services.wiltshire.gov.uk/MobileLibrary/Library/Round/12
North,Tuesday Week 1,Sun Inn,Lydiard Millicent,"Sun Inn, Lydiard Millicent",-1.863117,51.570989,05/02/2019,Tuesday,4,11:40,12:00,http://services.wiltshire.gov.uk/MobileLibrary/Library/Round/2
Residential homes,Friday Week 4,Athelstan House,Malmesbury,"Athelstan House, Malmesbury",-2.093235,51.57744,01/02/2019,Friday,4,11:00,11:30,http://services.wiltshire.gov.uk/MobileLibrary/Library/Round/113
Residential homes,Friday Week 4,Glovers Court,Malmesbury,"Glovers Court, Malmesbury",-2.102768,51.585972,01/02/2019,Friday,4,10:15,10:40,http://services.wiltshire.gov.uk/MobileLibrary/Library/Round/113
Residential homes,Friday Week 4,Orchard Court,Malmesbury,"Orchard Court, Malmesbury",-2.097017,51.578193,01/02/2019,Friday,4,12:05,12:30,http://services.wiltshire.gov.uk/MobileLibrary/Library/Round/113
Residential homes,Friday Week 4,Townsend Court,Malmesbury,"Townsend Court, Malmesbury",-2.099639,51.584124,01/02/2019,Friday,4,11:35,12:00,http://services.wiltshire.gov.uk/MobileLibrary/Library/Round/113
Residential homes,Tuesday Week 2,Castle Court,Marlborough,"Castle Court, Marlborough",-1.725275,51.420982,12/02/2019,Tuesday,4,11:10,11:40,http://services.wiltshire.gov.uk/MobileLibrary/Library/Round/96
Residential homes,Tuesday Week 2,Churchill Court,Marlborough,"Churchill Court, Marlborough",-1.725275,51.420982,12/02/2019,Tuesday,4,13:35,14:15,http://services.wiltshire.gov.uk/MobileLibrary/Library/Round/96
Residential homes,Thursday Week 3,Coombe End,Marlborough,"Coombe End, Marlborough",-1.725275,51.420982,21/02/2019,Thursday,4,10:15,10:30,http://services.wiltshire.gov.uk/MobileLibrary/Library/Round/105
Residential homes,Tuesday Week 2,Highfield,Marlborough,"Highfield, Marlborough",-1.725275,51.420982,12/02/2019,Tuesday,4,10:00,10:25,http://services.wiltshire.gov.uk/MobileLibrary/Library/Round/96
Residential homes,Thursday Week 3,Marlborough Lodge,Marlborough,"Marlborough Lodge, Marlborough",-1.72949,51.42027,21/02/2019,Thursday,4,10:00,10:15,http://services.wiltshire.gov.uk/MobileLibrary/Library/Round/105
Residential homes,Thursday Week 3,Merlin Court,Marlborough,"Merlin Court, Marlborough",-1.725275,51.420982,21/02/2019,Thursday,4,10:35,11:00,http://services.wiltshire.gov.uk/MobileLibrary/Library/Round/105
Residential homes,Tuesday Week 2,Purcells Court,Marlborough,"Purcells Court, Marlborough",-1.725275,51.420982,12/02/2019,Tuesday,4,13:00,13:30,http://services.wiltshire.gov.uk/MobileLibrary/Library/Round/96
Residential homes,Thursday Week 3,St. Luke’s Court,Marlborough,"St. Lukes Court, Marlborough",-1.725275,51.420982,21/02/2019,Thursday,4,11:00,11:25,http://services.wiltshire.gov.uk/MobileLibrary/Library/Round/105
Residential homes,Tuesday Week 2,York Place,Marlborough,"York Place, Marlborough",-1.725275,51.420982,12/02/2019,Tuesday,4,10:30,11:00,http://services.wiltshire.gov.uk/MobileLibrary/Library/Round/96
Residential homes,Friday Week 2,Blenheim House (Sampford) ,Melksham,"Blenheim House (Sampford) , Melksham",-2.14002,51.37281,15/02/2019,Friday,4,13:00,13:20,http://services.wiltshire.gov.uk/MobileLibrary/Library/Round/99
Residential homes,Friday Week 2,Brookside,Melksham,"Brookside, Melksham",-2.134442,51.375157,15/02/2019,Friday,4,10:40,11:00,http://services.wiltshire.gov.uk/MobileLibrary/Library/Round/99
Residential homes,Friday Week 2,Kestrel Court,Melksham,"Kestrel Court, Melksham",-2.134442,51.375157,15/02/2019,Friday,4,10:05,10:30,http://services.wiltshire.gov.uk/MobileLibrary/Library/Round/99
Residential homes,Friday Week 2,Thornbank,Melksham,"Thornbank, Melksham",-2.13905,51.370023,15/02/2019,Friday,4,09:30,10:00,http://services.wiltshire.gov.uk/MobileLibrary/Library/Round/99
Residential homes,Friday Week 2,Wharf Court,Melksham,"Wharf Court, Melksham",-2.135256,51.369994,15/02/2019,Friday,4,11:10,11:40,http://services.wiltshire.gov.uk/MobileLibrary/Library/Round/99
Residential homes,Thursday Week 1,Bramley House,Mere,"Bramley House, Mere",-2.275178,51.090326,07/02/2019,Thursday,4,13:00,13:30,http://services.wiltshire.gov.uk/MobileLibrary/Library/Round/91
South,Friday Week 2,New Severalls,Milton Lilbourne,"New Severalls, Milton Lilbourne",-1.73251,51.341632,15/02/2019,Friday,4,13:45,14:20,http://services.wiltshire.gov.uk/MobileLibrary/Library/Round/43
North,Tuesday Week 1,Bus shelter,Minety,"Bus shelter, Minety",-1.964106,51.614103,05/02/2019,Tuesday,4,14:15,15:30,http://services.wiltshire.gov.uk/MobileLibrary/Library/Round/2
North,Tuesday Week 1,Derry Park,Minety,"Derry Park, Minety",-1.956275,51.613831,05/02/2019,Tuesday,4,13:50,14:10,http://services.wiltshire.gov.uk/MobileLibrary/Library/Round/2
North,Saturday Week 1,Pitts Croft,Neston,"Pitts Croft, Neston",-2.20125,51.414081,09/02/2019,Saturday,4,15:00,15:45,http://services.wiltshire.gov.uk/MobileLibrary/Library/Round/6
North,Saturday Week 3,Pitts Croft,Neston,"Pitts Croft, Neston",-2.20125,51.414081,23/02/2019,Saturday,4,15:00,15:45,http://services.wiltshire.gov.uk/MobileLibrary/Library/Round/21
North,Wednesday Week 1,Long Leaze,Nettleton,"Long Leaze, Nettleton",-2.274679,51.498643,06/02/2019,Wednesday,4,14:20,15:00,http://services.wiltshire.gov.uk/MobileLibrary/Library/Round/3
North,Wednesday Week 3,Long Leaze,Nettleton,"Long Leaze, Nettleton",-2.274679,51.498643,20/02/2019,Wednesday,4,14:20,15:00,http://services.wiltshire.gov.uk/MobileLibrary/Library/Round/18
South,Friday Week 1,The School,Newton Tony,"The School, Newton Tony",-1.6899,51.16442,08/02/2019,Friday,4,11:10,12:00,http://services.wiltshire.gov.uk/MobileLibrary/Library/Round/36
South,Friday Week 3,The School,Newton Tony,"The School, Newton Tony",-1.6899,51.16442,22/02/2019,Friday,4,11:10,12:00,http://services.wiltshire.gov.uk/MobileLibrary/Library/Round/50
South,Saturday Week 1,The Green,Nomansland,"The Green, Nomansland",-1.712397,51.628538,09/02/2019,Saturday,4,09:30,12:00,http://services.wiltshire.gov.uk/MobileLibrary/Library/Round/37
South,Saturday Week 3,The Green,Nomansland,"The Green, Nomansland",-1.712397,51.628538,23/02/2019,Saturday,4,09:30,12:00,http://services.wiltshire.gov.uk/MobileLibrary/Library/Round/51
North,Friday Week 1,Bendy Bow,Oaksey,"Bendy Bow, Oaksey",-2.021889,51.63979,08/02/2019,Friday,4,13:00,13:45,http://services.wiltshire.gov.uk/MobileLibrary/Library/Round/5
North,Friday Week 3,Bendy Bow,Oaksey,"Bendy Bow, Oaksey",-2.021889,51.63979,22/02/2019,Friday,4,13:00,13:45,http://services.wiltshire.gov.uk/MobileLibrary/Library/Round/20
North,Friday Week 4,Bus stop lay-by,Oare,"Bus stop lay-by, Oare",-1.739975,51.556028,01/02/2019,Friday,4,15:30,16:00,http://services.wiltshire.gov.uk/MobileLibrary/Library/Round/27
North,Thursday Week 4,Liddiards Green,Ogbourne St George,"Liddiards Green, Ogbourne St George",-1.713974,51.469217,31/01/2019,Thursday,4,10:00,10:30,http://services.wiltshire.gov.uk/MobileLibrary/Library/Round/26
South,Wednesday Week 1,Pheasant Drive,Old Sarum,"Pheasant Drive, Old Sarum",,,06/02/2019,Wednesday,4,10:00,10:45,http://services.wiltshire.gov.uk/MobileLibrary/Library/Round/34
South,Wednesday Week 3,Pheasant Drive,Old Sarum,"Pheasant Drive, Old Sarum",,,20/02/2019,Wednesday,4,10:00,10:45,http://services.wiltshire.gov.uk/MobileLibrary/Library/Round/48
Residential homes,Monday Week 1,Edwardian Court,Pewsey,"Edwardian Court, Pewsey",-1.766883,51.336783,04/02/2019,Monday,4,10:45,11:15,http://services.wiltshire.gov.uk/MobileLibrary/Library/Round/88
Residential homes,Monday Week 1,Manor Court,Pewsey,"Manor Court, Pewsey",-1.766883,51.336783,04/02/2019,Monday,4,09:45,10:15,http://services.wiltshire.gov.uk/MobileLibrary/Library/Round/88
Residential homes,Monday Week 1,Meadow Court,Pewsey,"Meadow Court, Pewsey",-1.764091,51.33996,04/02/2019,Monday,4,10:20,10:40,http://services.wiltshire.gov.uk/MobileLibrary/Library/Round/88
North,Saturday Week 2,King’s Lodge School,Pewsham,"Kings Lodge School, Pewsham",-1.487803,51.076874,16/02/2019,Saturday,4,10:30,12:30,http://services.wiltshire.gov.uk/MobileLibrary/Library/Round/14
North,Saturday Week 4,King’s Lodge School,Pewsham,"Kings Lodge School, Pewsham",-1.487803,51.076874,02/02/2019,Saturday,4,10:30,12:00,http://services.wiltshire.gov.uk/MobileLibrary/Library/Round/28
South,Tuesday Week 3,Black Lane,Pitton,"Black Lane, Pitton",-1.688232,50.976855,19/02/2019,Tuesday,4,10:00,10:20,http://services.wiltshire.gov.uk/MobileLibrary/Library/Round/47
South,Tuesday Week 3,School,Pitton,"School, Pitton",-1.680682,51.065269,19/02/2019,Tuesday,4,10:25,10:55,http://services.wiltshire.gov.uk/MobileLibrary/Library/Round/47
South,Tuesday Week 3,Village Hall,Pitton,"Village Hall, Pitton",-1.680817,51.064938,19/02/2019,Tuesday,4,09:30,09:55,http://services.wiltshire.gov.uk/MobileLibrary/Library/Round/47
South,Friday Week 1,Malvern Way,Porton,"Malvern Way, Porton",-1.734378,51.130825,08/02/2019,Friday,4,13:20,13:45,http://services.wiltshire.gov.uk/MobileLibrary/Library/Round/36
South,Friday Week 3,Malvern Way,Porton,"Malvern Way, Porton",-1.734378,51.130825,22/02/2019,Friday,4,13:20,13:45,http://services.wiltshire.gov.uk/MobileLibrary/Library/Round/50
North,Monday Week 1,St Mary’s Close,Potterne,"St Marys Close, Potterne",-2.003359,51.327319,04/02/2019,Monday,4,15:05,15:30,http://services.wiltshire.gov.uk/MobileLibrary/Library/Round/1
North,Monday Week 1,The School,Potterne,"The School, Potterne",-2.00519,51.32917,04/02/2019,Monday,4,14:00,15:00,http://services.wiltshire.gov.uk/MobileLibrary/Library/Round/1
North,Monday Week 1,The Raven Pub,Poulshot,"The Raven Pub, Poulshot",-2.044539,51.339974,04/02/2019,Monday,4,12:40,13:00,http://services.wiltshire.gov.uk/MobileLibrary/Library/Round/1
Residential homes,Tuesday Week 1,Ashgrove House,Purton,"Ashgrove House, Purton",-1.864645,51.578499,05/02/2019,Tuesday,4,10:30,10:45,http://services.wiltshire.gov.uk/MobileLibrary/Library/Round/89
Residential homes,Tuesday Week 1,Hooks Hill,Purton,"Hooks Hill, Purton",-1.871215,51.587441,05/02/2019,Tuesday,4,10:15,10:25,http://services.wiltshire.gov.uk/MobileLibrary/Library/Round/89
South,Saturday Week 3,The Well,Quavey,"The Well, Quavey",-1.710913,50.986537,23/02/2019,Saturday,4,13:55,14:15,http://services.wiltshire.gov.uk/MobileLibrary/Library/Round/51
North,Thursday Week 2,Maundrell Close,Rowde,"Maundrell Close, Rowde",-2.031585,51.363079,14/02/2019,Thursday,4,09:30,10:00,http://services.wiltshire.gov.uk/MobileLibrary/Library/Round/12
North,Saturday Week 1,Westwood Road,Rudloe,"Westwood Road, Rudloe",-2.22376,51.42879,09/02/2019,Saturday,4,14:15,14:45,http://services.wiltshire.gov.uk/MobileLibrary/Library/Round/6
North,Saturday Week 3,Westwood Road,Rudloe,"Westwood Road, Rudloe",-2.22376,51.42879,23/02/2019,Saturday,4,14:15,14:45,http://services.wiltshire.gov.uk/MobileLibrary/Library/Round/21
South,Monday Week 1,Pewsey Road,Rushall,"Pewsey Road, Rushall",-1.810645,51.300378,04/02/2019,Monday,4,10:00,10:30,http://services.wiltshire.gov.uk/MobileLibrary/Library/Round/32
Residential homes,Wednesday Week 2,Abbeyfield,Salisbury,"Abbeyfield, Salisbury",,,13/02/2019,Wednesday,4,11:10,11:30,http://services.wiltshire.gov.uk/MobileLibrary/Library/Round/97
Residential homes,Wednesday Week 3,Archers Court,Salisbury,"Archers Court, Salisbury",,,20/02/2019,Wednesday,4,13:15,13:45,http://services.wiltshire.gov.uk/MobileLibrary/Library/Round/104
Residential homes,Wednesday Week 4,Bemerton Lodge ,Salisbury,"Bemerton Lodge , Salisbury",-1.81905,51.07241,30/01/2019,Wednesday,4,09:55,10:10,http://services.wiltshire.gov.uk/MobileLibrary/Library/Round/111
Residential homes,Wednesday Week 3,Braemar Lodge,Salisbury,"Braemar Lodge, Salisbury",-1.792429,51.084861,20/02/2019,Wednesday,4,11:25,11:45,http://services.wiltshire.gov.uk/MobileLibrary/Library/Round/104
Residential homes,Wednesday Week 1,Brympton House ,Salisbury,"Brympton House , Salisbury",-1.797861,51.086807,06/02/2019,Wednesday,4,13:00,13:30,http://services.wiltshire.gov.uk/MobileLibrary/Library/Round/90
Residential homes,Wednesday Week 3,Gloucester House,Salisbury,"Gloucester House, Salisbury",,,20/02/2019,Wednesday,4,10:50,11:20,http://services.wiltshire.gov.uk/MobileLibrary/Library/Round/104
Residential homes,Wednesday Week 4,Hardy House,Salisbury,"Hardy House, Salisbury",-1.797861,51.086807,30/01/2019,Wednesday,4,11:30,12:00,http://services.wiltshire.gov.uk/MobileLibrary/Library/Round/111
Residential homes,Wednesday Week 2,Harnham Croft,Salisbury,"Harnham Croft, Salisbury",,,13/02/2019,Wednesday,4,12:20,12:50,http://services.wiltshire.gov.uk/MobileLibrary/Library/Round/97
Residential homes,Wednesday Week 4,Laverstock Care Centre,Salisbury,"Laverstock Care Centre, Salisbury",-1.793173,51.069568,30/01/2019,Wednesday,4,10:25,11:15,http://services.wiltshire.gov.uk/MobileLibrary/Library/Round/111
Residential homes,Wednesday Week 2,Milford House,Salisbury,"Milford House, Salisbury",-1.79649,51.074784,13/02/2019,Wednesday,4,10:40,11:05,http://services.wiltshire.gov.uk/MobileLibrary/Library/Round/97
Residential homes,Wednesday Week 4,Philip Court,Salisbury,"Philip Court, Salisbury",-1.820111,51.078582,30/01/2019,Wednesday,4,09:30,09:50,http://services.wiltshire.gov.uk/MobileLibrary/Library/Round/111
Residential homes,Wednesday Week 1,Robert Stokes Almshouse,Salisbury,"Robert Stokes Almshouse, Salisbury",-1.796492,51.072478,06/02/2019,Wednesday,4,11:00,11:30,http://services.wiltshire.gov.uk/MobileLibrary/Library/Round/90
Residential homes,Wednesday Week 2,Salisbury Manor,Salisbury,"Salisbury Manor, Salisbury",,,13/02/2019,Wednesday,4,09:30,10:00,http://services.wiltshire.gov.uk/MobileLibrary/Library/Round/97
Residential homes,Wednesday Week 2,St. Andrews,Salisbury,"St. Andrews, Salisbury",,,13/02/2019,Wednesday,4,10:10,10:35,http://services.wiltshire.gov.uk/MobileLibrary/Library/Round/97
Residential homes,Wednesday Week 3,St. Mark's House,Salisbury,"St. Mark's House, Salisbury",-1.789297,51.074929,20/02/2019,Wednesday,4,12:50,13:10,http://services.wiltshire.gov.uk/MobileLibrary/Library/Round/104
Residential homes,Wednesday Week 1,St. Nicholas,Salisbury,"St. Nicholas, Salisbury",-1.795395,51.062131,06/02/2019,Wednesday,4,11:35,12:05,http://services.wiltshire.gov.uk/MobileLibrary/Library/Round/90
Residential homes,Wednesday Week 2,Tower House,Salisbury,"Tower House, Salisbury",-1.797861,51.086807,13/02/2019,Wednesday,4,11:30,12:15,http://services.wiltshire.gov.uk/MobileLibrary/Library/Round/97
Residential homes,Wednesday Week 3,Avonbourne Centre,Sarum,"Avonbourne Centre, Sarum",-1.790312,51.099926,20/02/2019,Wednesday,4,10:15,10:45,http://services.wiltshire.gov.uk/MobileLibrary/Library/Round/104
North,Friday Week 4,School,Savernake,"School, Savernake",,,01/02/2019,Friday,4,10:00,10:30,http://services.wiltshire.gov.uk/MobileLibrary/Library/Round/27
North,Friday Week 2,The Warren,Savernake,"The Warren, Savernake",,,15/02/2019,Friday,4,10:00,10:25,http://services.wiltshire.gov.uk/MobileLibrary/Library/Round/13
North,Friday Week 4,The Warren,Savernake,"The Warren, Savernake",,,01/02/2019,Friday,4,10:35,11:00,http://services.wiltshire.gov.uk/MobileLibrary/Library/Round/27
Residential homes,Thursday Week 1,Hays Park,Sedgehill,"Hays Park, Sedgehill",-2.202076,51.046018,07/02/2019,Thursday,4,10:45,11:30,http://services.wiltshire.gov.uk/MobileLibrary/Library/Round/91
North,Monday Week 1,The Lye,Seend,"The Lye, Seend",-2.080205,51.350318,04/02/2019,Monday,4,09:40,10:00,http://services.wiltshire.gov.uk/MobileLibrary/Library/Round/1
North,Monday Week 1,Telephone box,Seend Cleeve,"Telephone box, Seend Cleeve",-2.098624,51.351803,04/02/2019,Monday,4,10:05,10:25,http://services.wiltshire.gov.uk/MobileLibrary/Library/Round/1
North,Wednesday Week 4,Littlemarsh,Semington,"Littlemarsh, Semington",,,30/01/2019,Wednesday,4,10:30,10:50,http://services.wiltshire.gov.uk/MobileLibrary/Library/Round/25
North,Wednesday Week 2,Village Hall,Semington,"Village Hall, Semington",,,13/02/2019,Wednesday,4,10:30,10:50,http://services.wiltshire.gov.uk/MobileLibrary/Library/Round/11
North,Friday Week 4,Kingston Road,Shalbourne,"Kingston Road, Shalbourne",-1.549722,51.366803,01/02/2019,Friday,4,14:15,14:55,http://services.wiltshire.gov.uk/MobileLibrary/Library/Round/27
North,Friday Week 4,The Plough,Shalbourne,"The Plough, Shalbourne",-1.551192,51.363907,01/02/2019,Friday,4,13:25,14:10,http://services.wiltshire.gov.uk/MobileLibrary/Library/Round/27
Residential homes,Monday Week 3,Mavern House,Shaw,"Mavern House, Shaw",-1.851643,51.561465,18/02/2019,Monday,4,14:00,14:30,http://services.wiltshire.gov.uk/MobileLibrary/Library/Round/102
North,Saturday Week 1,High Street,Sherston,"High Street, Sherston",-2.213325,51.571405,09/02/2019,Saturday,4,10:30,12:45,http://services.wiltshire.gov.uk/MobileLibrary/Library/Round/6
North,Saturday Week 3,High Street,Sherston,"High Street, Sherston",-2.213325,51.571405,23/02/2019,Saturday,4,10:30,12:45,http://services.wiltshire.gov.uk/MobileLibrary/Library/Round/21
South,Wednesday Week 1,Hindes Meadow,Shrewton,"Hindes Meadow, Shrewton",-1.901276,51.199751,06/02/2019,Wednesday,4,13:30,13:45,http://services.wiltshire.gov.uk/MobileLibrary/Library/Round/34
South,Wednesday Week 3,Hindes Meadow,Shrewton,"Hindes Meadow, Shrewton",-1.901276,51.199751,20/02/2019,Wednesday,4,13:30,13:45,http://services.wiltshire.gov.uk/MobileLibrary/Library/Round/48
South,Wednesday Week 1,Maddington Church Rooms,Shrewton,"Maddington Church Rooms, Shrewton",-1.905798,51.194,06/02/2019,Wednesday,4,14:00,16:00,http://services.wiltshire.gov.uk/MobileLibrary/Library/Round/34
South,Wednesday Week 3,Maddington Church Rooms,Shrewton,"Maddington Church Rooms, Shrewton",-1.905798,51.194,20/02/2019,Wednesday,4,14:00,16:00,http://services.wiltshire.gov.uk/MobileLibrary/Library/Round/48
Residential homes,Wednesday Week 1,Glenside,South Newton,"Glenside, South Newton",,,06/02/2019,Wednesday,4,09:30,10:00,http://services.wiltshire.gov.uk/MobileLibrary/Library/Round/90
South,Saturday Week 1,Vale View Road,South Newton,"Vale View Road, South Newton",,,09/02/2019,Saturday,4,15:45,16:15,http://services.wiltshire.gov.uk/MobileLibrary/Library/Round/37
South,Saturday Week 3,Vale View Road,South Newton,"Vale View Road, South Newton",,,23/02/2019,Saturday,4,15:45,16:15,http://services.wiltshire.gov.uk/MobileLibrary/Library/Round/51
North,Monday Week 3,Naish House Farm,Spirthill,"Naish House Farm, Spirthill",-2.259535,51.419113,18/02/2019,Monday,4,09:30,10:00,http://services.wiltshire.gov.uk/MobileLibrary/Library/Round/16
North,Thursday Week 2,Village Hall,Stanton St Bernard,"Village Hall, Stanton St Bernard",-1.869963,51.360045,14/02/2019,Thursday,4,10:30,11:15,http://services.wiltshire.gov.uk/MobileLibrary/Library/Round/12
North,Tuesday Week 4,School,Stanton St Quintin,"School, Stanton St Quintin",-2.13528,51.51778,26/02/2019,Tuesday,4,13:35,14:05,http://services.wiltshire.gov.uk/MobileLibrary/Library/Round/24
North,Friday Week 3,Near Greystones,Startley,"Near Greystones, Startley",,,22/02/2019,Friday,4,09:30,09:45,http://services.wiltshire.gov.uk/MobileLibrary/Library/Round/20
North,Wednesday Week 2,Longs Arms pub,Steeple Ashton,"Longs Arms pub, Steeple Ashton",-2.135528,51.310306,13/02/2019,Wednesday,4,11:00,12:00,http://services.wiltshire.gov.uk/MobileLibrary/Library/Round/11
North,Wednesday Week 4,Longs Arms pub,Steeple Ashton,"Longs Arms pub, Steeple Ashton",-2.135528,51.310306,30/01/2019,Wednesday,4,11:00,12:00,http://services.wiltshire.gov.uk/MobileLibrary/Library/Round/25
Residential homes,Wednesday Week 4,Edgars Close,Steeple Langford,"Edgars Close, Steeple Langford",-1.94807,51.13649,30/01/2019,Wednesday,4,12:20,12:40,http://services.wiltshire.gov.uk/MobileLibrary/Library/Round/111
North,Monday Week 3,Telephone box,Stockley,"Telephone box, Stockley",-1.818112,50.968714,18/02/2019,Monday,4,14:15,14:45,http://services.wiltshire.gov.uk/MobileLibrary/Library/Round/16
South,Wednesday Week 1,Castle Keep,Stratford-sub-Castle,"Castle Keep, Stratford-sub-Castle",-1.808975,51.08502,06/02/2019,Wednesday,4,11:00,11:25,http://services.wiltshire.gov.uk/MobileLibrary/Library/Round/34
South,Wednesday Week 3,Castle Keep,Stratford-sub-Castle,"Castle Keep, Stratford-sub-Castle",-1.808975,51.08502,20/02/2019,Wednesday,4,11:00,11:25,http://services.wiltshire.gov.uk/MobileLibrary/Library/Round/48
North,Thursday Week 1,Bell Piece,Sutton Benger,"Bell Piece, Sutton Benger",-2.075874,51.506878,07/02/2019,Thursday,4,14:55,16:00,http://services.wiltshire.gov.uk/MobileLibrary/Library/Round/4
South,Friday Week 4,School,Sutton Veny,"School, Sutton Veny",-2.141216,51.175013,01/02/2019,Friday,4,09:45,10:30,http://services.wiltshire.gov.uk/MobileLibrary/Library/Round/57
Residential homes,Thursday Week 1,Sutton Veny House,Sutton Veny,"Sutton Veny House, Sutton Veny",-2.149321,51.180254,07/02/2019,Thursday,4,09:00,09:20,http://services.wiltshire.gov.uk/MobileLibrary/Library/Round/91
South,Tuesday Week 4,Lay-by opposite Frith’s Barn,Teffont,"Lay-by opposite Friths Barn, Teffont",-2.00372,51.07579,26/02/2019,Tuesday,4,14:20,14:40,http://services.wiltshire.gov.uk/MobileLibrary/Library/Round/54
South,Friday Week 4,Near the Church,Tilshead,"Near the Church, Tilshead",-1.951993,51.23188,01/02/2019,Friday,4,11:55,12:20,http://services.wiltshire.gov.uk/MobileLibrary/Library/Round/57
Residential homes,Thursday Week 1,Nadder Close,Tisbury,"Nadder Close, Tisbury",-2.078656,51.06358,07/02/2019,Thursday,4,09:45,10:30,http://services.wiltshire.gov.uk/MobileLibrary/Library/Round/91
North,Tuesday Week 1,Church,Tockenham,"Church, Tockenham",-1.945619,51.517405,05/02/2019,Tuesday,4,09:45,10:15,http://services.wiltshire.gov.uk/MobileLibrary/Library/Round/2
South,Tuesday Week 2,The Pond,Tollard Royal,"The Pond, Tollard Royal",-2.08054,50.9596,12/02/2019,Tuesday,4,15:10,15:30,http://services.wiltshire.gov.uk/MobileLibrary/Library/Round/40
Residential homes,Thursday Week 2,Avondown Court,Trowbridge,"Avondown Court, Trowbridge",,,14/02/2019,Thursday,4,13:00,13:30,http://services.wiltshire.gov.uk/MobileLibrary/Library/Round/98
Residential homes,Thursday Week 2,Charlotte Court,Trowbridge,"Charlotte Court, Trowbridge",,,14/02/2019,Thursday,4,13:40,14:00,http://services.wiltshire.gov.uk/MobileLibrary/Library/Round/98
Residential homes,Friday Week 1,Florence Court,Trowbridge,"Florence Court, Trowbridge",,,08/02/2019,Friday,4,13:30,14:00,http://services.wiltshire.gov.uk/MobileLibrary/Library/Round/92
Residential homes,Thursday Week 2,Grove Court,Trowbridge,"Grove Court, Trowbridge",,,14/02/2019,Thursday,4,10:05,10:15,http://services.wiltshire.gov.uk/MobileLibrary/Library/Round/98
Residential homes,Thursday Week 2,Manor Court ,Trowbridge,"Manor Court , Trowbridge",,,14/02/2019,Thursday,4,11:00,11:15,http://services.wiltshire.gov.uk/MobileLibrary/Library/Round/98
Residential homes,Thursday Week 2,Maple Grove ,Trowbridge,"Maple Grove , Trowbridge",-2.215028,51.309593,14/02/2019,Thursday,4,10:20,10:50,http://services.wiltshire.gov.uk/MobileLibrary/Library/Round/98
Residential homes,Friday Week 1,Old Vicarage,Trowbridge,"Old Vicarage, Trowbridge",,,08/02/2019,Friday,4,10:00,10:15,http://services.wiltshire.gov.uk/MobileLibrary/Library/Round/92
Residential homes,Thursday Week 2,Romney House,Trowbridge,"Romney House, Trowbridge",,,14/02/2019,Thursday,4,11:30,11:45,http://services.wiltshire.gov.uk/MobileLibrary/Library/Round/98
Residential homes,Friday Week 1,Staverton House,Trowbridge,"Staverton House, Trowbridge",,,08/02/2019,Friday,4,09:45,10:00,http://services.wiltshire.gov.uk/MobileLibrary/Library/Round/92
Residential homes,Friday Week 3,Teazle Court,Trowbridge,"Teazle Court, Trowbridge",,,22/02/2019,Friday,4,09:15,09:35,http://services.wiltshire.gov.uk/MobileLibrary/Library/Round/106
Residential homes,Thursday Week 2,The Homestead,Trowbridge,"The Homestead, Trowbridge",-2.206696,51.337723,14/02/2019,Thursday,4,09:15,10:00,http://services.wiltshire.gov.uk/MobileLibrary/Library/Round/98
Residential homes,Friday Week 1,Trowbridge Oaks,Trowbridge,"Trowbridge Oaks, Trowbridge",,,08/02/2019,Friday,4,09:10,09:25,http://services.wiltshire.gov.uk/MobileLibrary/Library/Round/92
Residential homes,Friday Week 4,Weavers Drive,Trowbridge,"Weavers Drive, Trowbridge",-2.204121,51.314181,01/02/2019,Friday,4,14:00,14:30,http://services.wiltshire.gov.uk/MobileLibrary/Library/Round/113
Residential homes,Friday Week 1,Wingfield Lodge and,Trowbridge,"Wingfield Lodge and, Trowbridge",-2.22268,51.316627,08/02/2019,Friday,4,12:45,13:15,http://services.wiltshire.gov.uk/MobileLibrary/Library/Round/92
South,Monday Week 3,Fairfield,Upavon,"Fairfield, Upavon",,,18/02/2019,Monday,4,10:00,10:25,http://services.wiltshire.gov.uk/MobileLibrary/Library/Round/46
South,Monday Week 3,Nursery,Upavon,"Nursery, Upavon",,,18/02/2019,Monday,4,10:35,11:00,http://services.wiltshire.gov.uk/MobileLibrary/Library/Round/46
North,Tuesday Week 1,Hovington Leaze,Upper Minety,"Hovington Leaze, Upper Minety",-1.964106,51.614103,05/02/2019,Tuesday,4,13:15,13:35,http://services.wiltshire.gov.uk/MobileLibrary/Library/Round/2
North,Friday Week 1,Recreation Ground,Upper Seagry,"Recreation Ground, Upper Seagry",-2.075714,51.524926,08/02/2019,Friday,4,09:30,10:00,http://services.wiltshire.gov.uk/MobileLibrary/Library/Round/5
North,Wednesday Week 1,The Green,Upper Wraxall,"The Green, Upper Wraxall",-1.712397,51.628538,06/02/2019,Wednesday,4,16:00,16:20,http://services.wiltshire.gov.uk/MobileLibrary/Library/Round/3
North,Wednesday Week 3,The Green,Upper Wraxall,"The Green, Upper Wraxall",-1.712397,51.628538,20/02/2019,Wednesday,4,16:00,16:20,http://services.wiltshire.gov.uk/MobileLibrary/Library/Round/18
South,Friday Week 4,14a The Bungalow,Upton Lovell,"14a The Bungalow, Upton Lovell",-2.082577,51.169371,01/02/2019,Friday,4,14:20,14:40,http://services.wiltshire.gov.uk/MobileLibrary/Library/Round/57
North,Thursday Week 2,The Croft,Urchfont,"The Croft, Urchfont",-1.940705,51.311253,14/02/2019,Thursday,4,14:10,14:40,http://services.wiltshire.gov.uk/MobileLibrary/Library/Round/12
North,Thursday Week 2,The Green,Urchfont,"The Green, Urchfont",-1.947973,51.312789,14/02/2019,Thursday,4,14:45,15:45,http://services.wiltshire.gov.uk/MobileLibrary/Library/Round/12
North,Thursday Week 4,The Green,Urchfont,"The Green, Urchfont",-1.947973,51.312789,31/01/2019,Thursday,4,14:45,15:45,http://services.wiltshire.gov.uk/MobileLibrary/Library/Round/26
North,Saturday Week 4,Wadswick Green,Wadswick,"Wadswick Green, Wadswick",,,02/02/2019,Saturday,4,13:30,14:15,http://services.wiltshire.gov.uk/MobileLibrary/Library/Round/28
Residential homes,Thursday Week 1,Fleurs Court,Warminster,"Fleurs Court, Warminster",-2.176007,51.20248,07/02/2019,Thursday,4,14:00,14:30,http://services.wiltshire.gov.uk/MobileLibrary/Library/Round/91
Residential homes,Friday Week 3,Frederick Taylor Court,Warminster,"Frederick Taylor Court, Warminster",-2.192484,51.195021,22/02/2019,Friday,4,13:20,13:50,http://services.wiltshire.gov.uk/MobileLibrary/Library/Round/106
North,Thursday Week 2,22-23 High Street,Wedhampton,"22-23 High Street, Wedhampton",-1.923012,51.312401,14/02/2019,Thursday,4,11:35,12:05,http://services.wiltshire.gov.uk/MobileLibrary/Library/Round/12
North,Thursday Week 3,Orchard Close,West Ashton,"Orchard Close, West Ashton",-2.177035,51.30064,21/02/2019,Thursday,4,15:30,16:00,http://services.wiltshire.gov.uk/MobileLibrary/Library/Round/19
South,Thursday Week 1,Village Hall,West Dean,"Village Hall, West Dean",-1.63507,51.04264,07/02/2019,Thursday,4,14:45,15:05,http://services.wiltshire.gov.uk/MobileLibrary/Library/Round/35
South,Thursday Week 1,Greenfields,West Grimstead,"Greenfields, West Grimstead",-1.701927,51.041148,07/02/2019,Thursday,4,15:20,15:35,http://services.wiltshire.gov.uk/MobileLibrary/Library/Round/35
South,Thursday Week 1,Recreation Ground,West Grimstead,"Recreation Ground, West Grimstead",-1.70086,51.03927,07/02/2019,Thursday,4,15:40,15:55,http://services.wiltshire.gov.uk/MobileLibrary/Library/Round/35
South,Saturday Week 1,Berkshire Road,West Harnham,"Berkshire Road, West Harnham",-1.805322,51.061647,09/02/2019,Saturday,4,14:10,14:50,http://services.wiltshire.gov.uk/MobileLibrary/Library/Round/37
South,Wednesday Week 4,School,West Lavington,"School, West Lavington",-2.000917,51.281148,30/01/2019,Wednesday,4,11:00,11:55,http://services.wiltshire.gov.uk/MobileLibrary/Library/Round/55
North,Tuesday Week 3,Peacocks,West Overton,"Peacocks, West Overton",-1.815512,51.412028,19/02/2019,Tuesday,4,11:25,12:05,http://services.wiltshire.gov.uk/MobileLibrary/Library/Round/17
Residential homes,Friday Week 3,Bell Orchard,Westbury,"Bell Orchard, Westbury",-2.183899,51.264019,22/02/2019,Friday,4,10:15,10:30,http://services.wiltshire.gov.uk/MobileLibrary/Library/Round/106
Residential homes,Friday Week 3,Chantry Court,Westbury,"Chantry Court, Westbury",-2.199099,51.266205,22/02/2019,Friday,4,11:30,12:00,http://services.wiltshire.gov.uk/MobileLibrary/Library/Round/106
Residential homes,Friday Week 3,Watersmead,Westbury,"Watersmead, Westbury",-2.184925,51.263272,22/02/2019,Friday,4,09:50,10:10,http://services.wiltshire.gov.uk/MobileLibrary/Library/Round/106
Residential homes,Friday Week 3,Westbury Court,Westbury,"Westbury Court, Westbury",-2.199099,51.266205,22/02/2019,Friday,4,10:40,11:20,http://services.wiltshire.gov.uk/MobileLibrary/Library/Round/106
South,Thursday Week 1,Ashmore Close,Whiteparish,"Ashmore Close, Whiteparish",-1.649049,51.013648,07/02/2019,Thursday,4,10:35,11:05,http://services.wiltshire.gov.uk/MobileLibrary/Library/Round/35
South,Saturday Week 4,Ashmore Close,Whiteparish,"Ashmore Close, Whiteparish",-1.649049,51.013648,02/02/2019,Saturday,4,12:05,12:35,http://services.wiltshire.gov.uk/MobileLibrary/Library/Round/58
South,Thursday Week 1,School,Whiteparish,"School, Whiteparish",-1.650341,51.00821,07/02/2019,Thursday,4,11:10,12:10,http://services.wiltshire.gov.uk/MobileLibrary/Library/Round/35
North,Tuesday Week 2,Reading Rooms,Whitley,"Reading Rooms, Whitley",-2.358142,51.382631,12/02/2019,Tuesday,4,11:15,12:00,http://services.wiltshire.gov.uk/MobileLibrary/Library/Round/10
South,Monday Week 1,Outside Lamberts,Wilsford,"Outside Lamberts, Wilsford",-1.860702,51.309074,04/02/2019,Monday,4,10:45,11:15,http://services.wiltshire.gov.uk/MobileLibrary/Library/Round/32
Residential homes,Wednesday Week 1,Downside,Wilton,"Downside, Wilton",-1.86176,51.080057,06/02/2019,Wednesday,4,10:20,10:40,http://services.wiltshire.gov.uk/MobileLibrary/Library/Round/90
North,Thursday Week 3,The Poplars Inn,Wingfield,"The Poplars Inn, Wingfield",-2.25763,51.310063,21/02/2019,Thursday,4,13:30,14:15,http://services.wiltshire.gov.uk/MobileLibrary/Library/Round/19
North,Thursday Week 3,Avonpark Retirement Village,Winsley,"Avonpark Retirement Village, Winsley",-2.305927,51.361598,21/02/2019,Thursday,4,10:40,11:10,http://services.wiltshire.gov.uk/MobileLibrary/Library/Round/19
North,Thursday Week 3,School,Winsley,"School, Winsley",-2.285271,51.349628,21/02/2019,Thursday,4,11:20,12:20,http://services.wiltshire.gov.uk/MobileLibrary/Library/Round/19
South,Friday Week 1,Earls Manor Court,Winterbourne Earls,"Earls Manor Court, Winterbourne Earls",-1.75497,51.10635,08/02/2019,Friday,4,14:00,14:30,http://services.wiltshire.gov.uk/MobileLibrary/Library/Round/36
South,Friday Week 3,Earls Manor Court,Winterbourne Earls,"Earls Manor Court, Winterbourne Earls",-1.75497,51.10635,22/02/2019,Friday,4,14:00,14:30,http://services.wiltshire.gov.uk/MobileLibrary/Library/Round/50
South,Friday Week 1,Glebe Hall,Winterbourne Earls,"Glebe Hall, Winterbourne Earls",-1.751405,51.108897,08/02/2019,Friday,4,09:30,10:30,http://services.wiltshire.gov.uk/MobileLibrary/Library/Round/36
South,Friday Week 3,Glebe Hall,Winterbourne Earls,"Glebe Hall, Winterbourne Earls",-1.751405,51.108897,22/02/2019,Friday,4,09:30,10:30,http://services.wiltshire.gov.uk/MobileLibrary/Library/Round/50
South,Tuesday Week 1,Village Hall,Winterslow,"Village Hall, Winterslow",-1.655972,51.093629,05/02/2019,Tuesday,4,13:30,16:15,http://services.wiltshire.gov.uk/MobileLibrary/Library/Round/33
South,Tuesday Week 3,Village Hall,Winterslow,"Village Hall, Winterslow",-1.655972,51.093629,19/02/2019,Tuesday,4,13:30,16:15,http://services.wiltshire.gov.uk/MobileLibrary/Library/Round/47
South,Monday Week 1,Church,Woodborough,"Church, Woodborough",-1.837595,51.33845,04/02/2019,Monday,4,14:25,14:50,http://services.wiltshire.gov.uk/MobileLibrary/Library/Round/32
South,Monday Week 3,Church,Woodborough,"Church, Woodborough",-1.837595,51.33845,18/02/2019,Monday,4,14:25,14:50,http://services.wiltshire.gov.uk/MobileLibrary/Library/Round/46
South,Monday Week 1,Social Club Car Park,Woodborough,"Social Club Car Park, Woodborough",-1.848436,51.337848,04/02/2019,Monday,4,14:55,15:45,http://services.wiltshire.gov.uk/MobileLibrary/Library/Round/32
South,Monday Week 3,Social Club Car Park,Woodborough,"Social Club Car Park, Woodborough",-1.848436,51.337848,18/02/2019,Monday,4,14:55,15:45,http://services.wiltshire.gov.uk/MobileLibrary/Library/Round/46
South,Saturday Week 3,Opposite Post Office,Woodfalls,"Opposite Post Office, Woodfalls",-1.742362,50.964103,23/02/2019,Saturday,4,13:25,13:45,http://services.wiltshire.gov.uk/MobileLibrary/Library/Round/51
Residential homes,Tuesday Week 1,Bassett House,Wootton Bassett,"Bassett House, Wootton Bassett",,,05/02/2019,Tuesday,4,13:30,13:55,http://services.wiltshire.gov.uk/MobileLibrary/Library/Round/89
Residential homes,Tuesday Week 1,Dairy View,Wootton Bassett,"Dairy View, Wootton Bassett",,,05/02/2019,Tuesday,4,14:00,14:15,http://services.wiltshire.gov.uk/MobileLibrary/Library/Round/89
North,Monday Week 1,The School,Worton,"The School, Worton",-2.03187,51.314216,04/02/2019,Monday,4,13:10,13:50,http://services.wiltshire.gov.uk/MobileLibrary/Library/Round/1
South,Friday Week 4,The Bell Pub,Wylye,"The Bell Pub, Wylye",-1.990025,51.139008,01/02/2019,Friday,4,14:55,15:30,http://services.wiltshire.gov.uk/MobileLibrary/Library/Round/57
North,Monday Week 3,The Lymers,Yatesbury,"The Lymers, Yatesbury",-1.905749,51.444268,18/02/2019,Monday,4,11:45,12:05,http://services.wiltshire.gov.uk/MobileLibrary/Library/Round/16
North,Wednesday Week 3,Village Hall,Yatton Keynell,"Village Hall, Yatton Keynell",-2.192444,51.483836,20/02/2019,Wednesday,4,09:30,10:00,http://services.wiltshire.gov.uk/MobileLibrary/Library/Round/18
South,Thursday Week 2,43 Zeals Rise,Zeals,"43 Zeals Rise, Zeals",-2.3164,51.083917,14/02/2019,Thursday,4,10:45,11:05,http://services.wiltshire.gov.uk/MobileLibrary/Library/Round/42
South,Thursday Week 4,43 Zeals Rise,Zeals,"43 Zeals Rise, Zeals",-2.3164,51.083917,31/01/2019,Thursday,4,10:45,11:05,http://services.wiltshire.gov.uk/MobileLibrary/Library/Round/56
South,Thursday Week 2,School,Zeals,"School, Zeals",-2.314342,51.085452,14/02/2019,Thursday,4,10:10,10:40,http://services.wiltshire.gov.uk/MobileLibrary/Library/Round/42
South,Thursday Week 4,School,Zeals,"School, Zeals",-2.314342,51.085452,31/01/2019,Thursday,4,10:00,10:40,http://services.wiltshire.gov.uk/MobileLibrary/Library/Round/56
